playerId,name,team,position,Overall_Talent_Rating,Offensive_Rate,xGD_OnIce_Per_100,I_F_takeaways_per60,games_played,icetime
8477492,Nathan MacKinnon,COL,C,100.00,1.34,3.00,0.90,395,215978.00
8477934,Leon Draisaitl,EDM,C,96.99,1.66,8.80,1.37,355,183328.00
8480069,Cale Makar,COL,D,96.37,0.91,3.00,1.75,400,246876.00
8479407,Jesper Bratt,NJD,L,95.18,1.06,6.40,0.41,405,184176.00
8477493,Aleksander Barkov,FLA,C,94.96,0.99,6.60,1.50,335,162874.00
8476453,Nikita Kucherov,TBL,R,94.63,1.61,2.40,1.07,390,198334.00
8477494,Jonathan Drouin,COL,L,93.91,0.97,0.60,1.15,215,93822.00
8479542,Brandon Hagel,TBL,L,93.88,1.22,8.40,1.06,410,204114.00
8480039,Martin Necas,COL,C,93.59,1.16,0.20,0.92,395,180106.00
8478398,Kyle Connor,WPG,L,92.94,1.33,2.00,1.18,410,200684.00
8478402,Connor McDavid,EDM,C,92.29,1.44,13.40,1.30,335,177132.00
8482093,Seth Jarvis,CAR,C,92.25,1.19,5.40,1.36,365,169558.00
8477933,Sam Reinhart,FLA,C,91.76,1.22,5.60,0.89,395,194362.00
8480800,Quinn Hughes,VAN,D,91.29,0.79,5.60,0.86,340,209950.00
8478427,Sebastian Aho,CAR,C,91.00,1.13,7.20,0.87,395,190550.00
8480018,Nick Suzuki,MTL,C,90.76,1.12,-1.00,1.11,410,197396.00
8479343,Clayton Keller,UTA,R,90.67,1.10,5.20,1.05,405,185828.00
8482078,Lucas Raymond,DET,L,90.33,1.05,2.00,1.09,410,184828.00
8479318,Auston Matthews,TOR,C,89.76,1.31,1.20,1.27,335,164596.00
8480023,Robert Thomas,STL,C,89.72,1.14,1.60,0.94,350,167648.00
8480002,Nico Hischier,NJD,C,89.39,1.17,6.00,0.94,375,183492.00
8478420,Mikko Rantanen,DAL,R,89.27,1.13,1.40,1.38,410,209092.00
8482116,Tim Sttzle,OTT,C,89.19,0.90,1.20,0.85,410,194960.00
8478550,Artemi Panarin,NYR,L,89.15,1.25,18.60,0.95,400,188958.00
8478483,Mitch Marner,TOR,R,89.14,1.21,0.40,1.93,405,207186.00
8477956,David Pastrnak,BOS,R,89.12,1.58,-1.40,1.45,410,198632.00
8478403,Jack Eichel,VGK,C,89.10,1.05,5.40,1.06,385,189730.00
8481559,Jack Hughes,NJD,C,89.02,1.26,12.60,1.02,310,155502.00
8475913,Mark Stone,VGK,R,88.83,1.18,6.80,1.79,330,152494.00
8476887,Filip Forsberg,NSH,L,88.45,1.10,0.80,1.49,410,183298.00
8480803,Evan Bouchard,EDM,D,87.88,0.44,7.00,1.72,410,230830.00
8475166,John Tavares,TOR,C,87.85,1.35,1.60,1.05,375,164030.00
8477497,Sean Monahan,CBJ,C,87.62,1.23,2.60,0.76,270,123216.00
8475794,Tyler Seguin,DAL,C,87.59,1.60,7.40,0.74,100,38758.00
8477404,Jake Guentzel,TBL,C,87.22,1.23,8.20,0.94,400,191930.00
8477960,Adrian Kempe,LAK,R,86.87,1.21,1.80,0.50,405,186190.00
8479314,Matthew Tkachuk,FLA,L,86.70,1.42,18.40,0.63,260,113764.00
8477447,Shea Theodore,VGK,D,86.63,0.62,11.00,1.14,335,176818.00
8482077,Dylan Holloway,STL,L,86.33,1.11,2.40,1.57,385,155458.00
8480893,Kirill Marchenko,CBJ,R,86.18,1.23,0.20,1.47,395,176168.00
8482740,Wyatt Johnston,DAL,C,85.68,1.14,1.80,1.12,410,186230.00
8480839,Rasmus Dahlin,BUF,D,85.66,0.71,1.00,1.32,365,212304.00
8479420,Tage Thompson,BUF,C,85.19,1.41,4.40,0.88,380,171058.00
8475167,Victor Hedman,TBL,D,84.97,0.63,3.80,0.82,395,218796.00
8476881,Tomas Hertl,VGK,C,84.86,1.23,12.40,1.39,365,149942.00
8471675,Sidney Crosby,PIT,C,84.80,1.19,-0.80,1.07,400,195596.00
8477946,Dylan Larkin,DET,C,84.68,1.04,1.60,1.42,410,197496.00
8477939,William Nylander,TOR,R,84.49,1.35,17.80,1.05,410,191974.00
8478864,Kirill Kaprizov,MIN,L,84.32,1.52,2.20,0.78,205,110538.00
8479323,Adam Fox,NYR,D,84.18,0.63,1.20,1.40,370,206450.00
8475168,Matt Duchene,DAL,C,84.09,1.20,1.60,0.90,410,168686.00
8477955,Jared McCann,SEA,L,83.71,0.99,0.80,1.23,410,169354.00
8477951,Nick Schmaltz,UTA,C,83.48,0.80,4.00,1.22,410,182908.00
8476460,Mark Scheifele,WPG,C,83.45,1.30,-0.20,0.89,410,201128.00
8481656,Aliaksei Protas,WSH,C,83.39,1.34,7.20,0.89,380,150080.00
8479385,Jordan Kyrou,STL,R,83.37,1.24,1.40,0.88,410,172028.00
8475172,Nazem Kadri,CGY,C,83.37,1.08,-1.20,1.13,410,190452.00
8477940,Nikolaj Ehlers,WPG,L,83.30,1.39,-0.80,0.88,345,130782.00
8477949,Alex Tuch,BUF,R,83.15,1.05,1.40,1.84,410,189462.00
8471685,Anze Kopitar,LAK,C,82.93,0.95,1.00,1.17,405,184250.00
8476880,Tom Wilson,WSH,R,82.80,1.09,6.40,0.79,405,182024.00
8482699,Dylan Guenther,UTA,R,82.75,1.15,1.60,0.91,350,142776.00
8478460,Zach Werenski,CBJ,D,82.64,0.72,1.80,1.34,405,259964.00
8481557,Matt Boldy,MIN,L,82.63,0.91,5.60,1.53,410,199636.00
8476389,Vincent Trocheck,NYR,C,82.43,0.78,-1.00,1.13,410,207614.00
8482660,Kent Johnson,CBJ,C,82.13,1.08,0.20,1.05,340,141118.00
8478439,Travis Konecny,PHI,R,82.10,0.99,2.80,0.89,410,202732.00
8476483,Rickard Rakell,PIT,R,82.02,1.10,17.40,0.77,405,187572.00
8478010,Brayden Point,TBL,C,81.83,1.36,1.00,0.68,385,179988.00
8479400,Pierre-Luc Dubois,WSH,L,81.32,1.00,0.60,0.63,410,170230.00
8476906,Shayne Gostisbehere,CAR,D,81.22,0.42,6.40,1.67,350,155576.00
8483431,Logan Cooley,UTA,C,81.03,1.02,0.20,1.05,375,160752.00
8478449,Roope Hintz,DAL,C,80.92,1.27,1.80,0.79,380,154048.00
8483808,Andrei Kuzmenko,LAK,L,80.89,0.73,3.40,1.28,330,123790.00
8471214,Alex Ovechkin,WSH,L,80.76,1.77,0.20,0.62,325,138250.00
8478975,Mason Marchment,DAL,L,80.73,1.29,4.00,1.39,310,114128.00
8480208,Drake Batherson,OTT,R,80.69,1.06,1.00,0.93,410,178522.00
8482758,Ville Koivunen,PIT,R,80.59,0.50,-0.40,1.24,40,17390.00
8480830,Andrei Svechnikov,CAR,R,80.45,0.93,0.00,0.83,360,147862.00
8476468,J.T. Miller,NYR,C,80.27,1.17,-2.20,1.28,360,157250.00
8484801,Macklin Celebrini,SJS,C,80.25,0.96,-2.80,1.26,350,166220.00
8476459,Mika Zibanejad,NYR,C,80.22,0.95,-0.60,1.11,410,184622.00
8480801,Brady Tkachuk,OTT,L,80.07,1.03,2.60,0.87,360,157572.00
8477942,Kevin Fiala,LAK,L,79.97,1.06,2.00,1.18,405,179952.00
8478440,Dylan Strome,WSH,C,79.97,1.18,-1.40,0.88,410,171056.00
8473419,Brad Marchand,FLA,L,79.88,0.97,3.60,0.97,355,156122.00
8475158,Ryan O'Reilly,NSH,C,79.67,0.78,4.20,1.24,395,180010.00
8483457,Lane Hutson,MTL,D,79.66,0.44,-1.40,1.79,410,223694.00
8479337,Alex DeBrincat,DET,R,79.33,1.31,-1.80,1.19,410,175852.00
8482113,Anton Lundell,FLA,C,78.96,0.81,1.00,1.20,395,158434.00
8482124,Quinton Byfield,LAK,R,78.92,0.74,4.40,0.95,405,181020.00
8480849,Barrett Hayton,UTA,C,78.68,0.78,2.40,0.73,410,158438.00
8480027,Jason Robertson,DAL,L,78.30,1.20,0.00,0.99,410,175088.00
8474600,Roman Josi,NSH,D,78.20,0.59,1.20,1.04,265,159206.00
8481540,Cole Caufield,MTL,R,78.10,1.23,-4.00,0.93,410,177868.00
8474590,John Carlson,WSH,D,78.09,0.41,2.60,1.16,395,223388.00
8475754,Brock Nelson,COL,C,78.06,0.90,-1.20,1.59,400,181560.00
8481604,Pavel Dorofeyev,VGK,L,77.82,1.07,4.20,1.06,410,162622.00
8477504,Josh Morrissey,WPG,D,77.60,0.49,2.60,0.98,400,234156.00
8475726,Tyler Toffoli,SJS,C,77.45,1.05,-0.20,0.82,390,158460.00
8476456,Jonathan Huberdeau,CGY,L,77.33,1.03,0.20,0.87,405,189948.00
8481580,Connor McMichael,WSH,C,77.32,0.91,7.00,0.87,410,165396.00
8478414,Timo Meier,NJD,R,77.28,0.88,3.20,0.90,400,171452.00
8477500,Bo Horvat,NYI,C,77.22,0.88,0.00,0.81,405,196086.00
8477998,Warren Foegele,LAK,L,77.19,0.83,10.00,1.49,410,159102.00
8480865,Noah Dobson,NYI,D,77.05,0.45,2.60,1.31,355,198280.00
8475722,Jason Zucker,BUF,L,76.91,1.14,-0.20,1.03,365,140106.00
8482684,Luke Hughes,NJD,D,76.83,0.50,1.80,1.32,355,180266.00
8473512,Claude Giroux,OTT,R,76.38,0.71,0.00,0.77,405,176956.00
8479410,Mikhail Sergachev,UTA,D,76.27,0.54,1.20,0.99,385,232080.00
8478469,Thomas Chabot,OTT,D,76.20,0.40,0.60,1.01,400,221032.00
8482667,William Eklund,SJS,L,76.12,0.85,-0.40,0.60,385,180672.00
8478519,Anthony Cirelli,TBL,C,75.85,0.91,6.20,0.84,400,179428.00
8477935,Sam Bennett,FLA,C,75.72,0.96,4.00,1.22,380,159176.00
8482149,Cole Perfetti,WPG,C,75.63,0.87,3.60,0.96,410,149440.00
8477476,Artturi Lehkonen,COL,L,75.56,0.88,3.00,0.51,345,168760.00
8478458,Jack Roslovic,CAR,C,75.52,0.90,4.40,1.02,405,134342.00
8478038,Devon Toews,COL,D,75.41,0.37,0.80,1.12,380,224256.00
8478873,Troy Terry,ANA,R,75.34,0.79,0.80,0.91,385,174166.00
8478013,Jake Walman,EDM,D,75.34,0.43,1.60,1.09,325,177616.00
8477932,Aaron Ekblad,FLA,D,75.34,0.33,3.60,1.05,280,158004.00
8482730,Brandt Clarke,LAK,D,75.07,0.42,0.80,1.13,390,152372.00
8476454,Ryan Nugent-Hopkins,EDM,C,74.97,0.82,1.80,1.18,390,177586.00
8478407,Vince Dunn,SEA,D,74.75,0.50,4.20,1.10,310,164268.00
8475768,Jaden Schwartz,SEA,C,74.70,0.83,-1.00,1.78,405,173820.00
8477409,Carter Verhaeghe,FLA,C,74.56,0.80,23.80,0.93,405,173688.00
8477402,Pavel Buchnevich,STL,L,74.54,0.85,2.60,0.62,380,173522.00
8478856,Conor Garland,VAN,R,74.50,0.76,1.80,0.79,405,181322.00
8483432,Luca Del Bel Belluz,CBJ,C,74.41,0.70,4.60,0.87,75,24756.00
8470613,Brent Burns,CAR,D,74.28,0.27,2.80,1.26,410,206204.00
8482105,Jake Sanderson,OTT,D,74.17,0.44,0.60,1.63,400,234644.00
8481581,Thomas Harley,DAL,D,74.07,0.50,4.00,0.95,390,218858.00
8475810,Bryan Rust,PIT,R,74.05,1.19,-3.40,0.71,355,168276.00
8479345,Jakob Chychrun,WSH,D,73.97,0.68,9.00,1.35,370,187050.00
8477346,MacKenzie Weegar,CGY,D,73.95,0.33,0.20,1.58,405,234878.00
8484387,Matvei Michkov,PHI,R,73.94,1.07,-2.20,0.61,400,160170.00
8484166,Adam Fantilli,CBJ,C,73.83,1.01,3.80,0.96,410,171982.00
8479675,Trevor Moore,LAK,L,73.78,0.72,4.00,1.15,355,143792.00
8477501,Valeri Nichushkin,COL,R,73.76,1.06,-0.80,0.49,215,101858.00
8476461,Sean Couturier,PHI,C,73.74,0.73,1.00,1.23,395,163944.00
8475692,Mats Zuccarello,MIN,R,73.57,0.87,1.40,1.28,345,162754.00
8482155,Alex Laferriere,LAK,R,73.39,0.84,-0.60,0.66,385,152754.00
8481528,Dylan Cozens,OTT,C,73.37,0.75,-1.00,0.64,410,167878.00
8482671,Owen Power,BUF,D,73.20,0.37,-1.80,0.93,395,202036.00
8481716,Dmitri Voronkov,CBJ,L,73.10,0.95,9.60,0.54,365,147054.00
8480014,Gabriel Vilardi,WPG,C,73.08,1.09,-3.00,1.03,355,154520.00
8482146,Luke Evangelista,NSH,R,73.03,0.64,2.40,1.02,340,113192.00
8477496,Elias Lindholm,BOS,C,73.03,0.67,-1.20,0.87,410,177886.00
8482720,Matthew Knies,TOR,L,72.99,0.99,-0.60,0.58,390,173300.00
8476462,Dougie Hamilton,NJD,D,72.85,0.52,9.00,0.94,320,152492.00
8476479,Phillip Danault,LAK,C,72.85,0.67,1.60,1.06,400,169664.00
8475786,Zach Hyman,EDM,L,72.81,0.90,5.20,0.61,365,165402.00
8474578,Erik Karlsson,PIT,D,72.77,0.42,-3.60,1.37,410,228640.00
8482079,Marco Rossi,MIN,C,72.71,0.91,1.60,0.72,410,179538.00
8480012,Elias Pettersson,VAN,C,72.40,0.83,0.20,1.11,320,143312.00
8482175,JJ Peterka,BUF,R,72.33,0.99,-1.80,0.94,385,168020.00
8482259,Bobby McMann,TOR,C,72.26,0.83,1.20,0.89,370,128730.00
8482702,Logan Stankoven,CAR,C,72.14,0.65,2.00,1.02,390,141254.00
8474716,Jared Spurgeon,MIN,D,72.08,0.38,3.80,0.98,330,161972.00
8475218,Mattias Ekholm,EDM,D,72.01,0.37,1.80,1.43,325,173130.00
8476474,Stefan Noesen,NJD,R,71.55,0.91,4.60,0.68,390,149134.00
8479987,Morgan Geekie,BOS,C,71.43,1.17,-4.40,1.43,385,156344.00
8477964,Ivan Barbashev,VGK,C,71.42,1.10,0.60,0.92,350,141106.00
8478178,Darren Raddysh,TBL,D,71.42,0.40,2.80,0.48,365,151546.00
8473994,Jamie Benn,DAL,L,71.11,0.89,0.00,0.64,400,146892.00
8477495,Seth Jones,FLA,D,70.95,0.47,-1.40,1.00,315,186290.00
8475764,Cam Fowler,STL,D,70.95,0.50,-1.40,0.66,340,175792.00
8474141,Patrick Kane,DET,R,70.94,0.90,-3.00,0.60,360,155342.00
8478396,Noah Hanifin,VGK,D,70.86,0.44,3.40,1.11,400,206904.00
8476539,Jonathan Marchessault,NSH,R,70.86,0.86,-0.40,0.43,390,168264.00
8480145,Neal Pionk,WPG,D,70.85,0.50,-0.60,1.18,345,182658.00
8480829,Jesperi Kotkaniemi,CAR,C,70.79,0.61,3.80,0.98,390,131594.00
8477987,Ryan Donato,CHI,C,70.76,1.32,-6.20,1.06,400,156568.00
8481605,Jackson LaCombe,ANA,D,70.56,0.56,-0.40,1.26,375,200706.00
8476448,William Karlsson,VGK,C,70.53,0.73,5.80,0.93,265,108210.00
8477416,Oliver Bjorkstrand,TBL,R,70.43,1.03,-3.80,1.30,395,143606.00
8478109,Victor Olofsson,VGK,L,70.33,0.96,6.20,0.59,280,97422.00
8476882,Teuvo Teravainen,CHI,C,70.18,0.81,-1.60,0.99,410,167926.00
8482679,Matt Coronato,CGY,R,70.16,0.87,-0.80,1.02,385,162436.00
8481606,Jordan Spence,LAK,D,70.12,0.31,3.60,0.68,395,159156.00
8478445,Mathew Barzal,NYI,C,70.09,0.79,4.80,0.98,150,73258.00
8480015,Owen Tippett,PHI,R,70.07,0.89,0.00,1.53,385,147764.00
8474565,Alex Pietrangelo,VGK,D,70.06,0.30,0.80,0.94,355,190866.00
8479425,Filip Hronek,VAN,D,70.03,0.32,-1.80,0.58,305,174906.00
8474564,Steven Stamkos,NSH,C,69.99,0.94,1.60,0.73,410,177118.00
8480762,Eric Robinson,CAR,L,69.97,0.84,2.80,0.54,410,120650.00
8476853,Morgan Rielly,TOR,D,69.92,0.37,-1.20,0.68,410,210464.00
8475170,Brayden Schenn,STL,C,69.84,0.78,-0.20,0.54,410,172800.00
8471215,Evgeni Malkin,PIT,C,69.84,0.89,-5.40,1.46,340,145130.00
8475200,Dmitry Orlov,CAR,D,69.69,0.28,4.80,0.83,380,182368.00
8479525,Ross Colton,COL,C,69.68,0.87,2.00,1.02,305,105560.00
8482713,Mackie Samoskevich,FLA,R,69.57,0.81,6.20,0.56,360,115104.00
8483515,Juraj Slafkovsk,MTL,L,69.54,0.74,-4.80,0.70,395,164468.00
8481542,Moritz Seider,DET,D,69.54,0.30,-0.80,0.88,410,246710.00
8477498,Darnell Nurse,EDM,D,69.53,0.32,2.00,0.56,380,204022.00
8476480,Vladislav Namestnikov,WPG,C,69.52,0.52,6.20,0.76,390,141252.00
8475799,Nino Niederreiter,WPG,R,69.51,0.76,2.40,0.84,410,146144.00
8475151,Kyle Palmieri,NYI,C,69.46,0.76,-2.40,0.71,410,182200.00
8481601,Simon Holmstrom,NYI,R,69.38,0.89,-4.00,0.62,375,151784.00
8480802,Ryan McLeod,BUF,C,69.30,0.87,-2.60,1.17,395,159518.00
8482157,Will Cuylle,NYR,L,69.30,0.83,-2.60,0.44,410,148362.00
8482745,Mason McTavish,ANA,C,69.24,0.84,-2.60,0.84,380,153906.00
8473533,Jordan Staal,CAR,C,69.21,0.72,4.00,0.47,375,138936.00
8475784,Jeff Skinner,EDM,L,69.12,0.86,4.40,1.22,360,112318.00
8477986,Brandon Montour,SEA,D,69.05,0.48,2.80,0.81,405,223328.00
8476921,Jordan Martinook,CAR,L,68.96,0.72,7.00,0.89,395,145012.00
8481554,Kaapo Kakko,SEA,R,68.88,0.78,-1.40,0.88,395,148042.00
8480220,Noah Cates,PHI,L,68.88,0.74,0.00,1.02,390,148612.00
8478493,Joel Eriksson Ek,MIN,C,68.84,0.78,-0.20,0.92,230,109110.00
8481596,Shane Pinto,OTT,C,68.83,0.83,1.60,1.32,350,147478.00
8470621,Corey Perry,EDM,R,68.82,0.84,5.40,0.81,405,116028.00
8476432,Boone Jenner,CBJ,C,68.76,0.85,-0.60,0.51,130,56116.00
8475191,Reilly Smith,VGK,R,68.69,0.66,4.00,1.28,395,146378.00
8480036,Miro Heiskanen,DAL,D,68.68,0.24,9.20,1.34,250,150962.00
8476419,Jean-Gabriel Pageau,NYI,C,68.57,0.68,-2.00,1.12,395,161134.00
8483524,Shane Wright,SEA,C,68.52,0.94,-3.00,0.76,395,133366.00
8479325,Charlie McAvoy,BOS,D,68.46,0.34,-0.40,1.29,250,142022.00
8475798,Mikael Granlund,DAL,C,68.45,0.95,-4.80,0.71,415,193720.00
8475791,Taylor Hall,CAR,L,68.44,0.86,-5.60,1.75,385,140206.00
8476458,Ryan Strome,ANA,C,68.36,0.67,0.00,0.83,410,164158.00
8476399,Blake Coleman,CGY,L,68.34,0.64,1.60,1.28,410,174018.00
8476891,Matt Grzelcyk,PIT,D,68.30,0.29,2.20,1.14,410,202822.00
8475314,Anders Lee,NYI,L,68.29,1.02,-1.00,0.51,410,167874.00
8476869,Brady Skjei,NSH,D,68.21,0.33,2.20,1.07,410,215408.00
8482737,Zack Bolduc,STL,R,68.11,0.92,-3.80,1.11,360,110646.00
8476892,Colton Parayko,STL,D,68.11,0.52,-2.60,1.07,320,182420.00
8477426,Nick Paul,TBL,L,68.02,0.85,4.40,0.91,380,149958.00
8474563,Drew Doughty,LAK,D,67.98,0.30,2.60,0.58,150,86892.00
8482665,Matty Beniers,SEA,C,67.97,0.69,-1.40,1.10,410,183888.00
8476958,Jaccob Slavin,CAR,D,67.83,0.22,4.00,2.12,400,207098.00
8481524,Bowen Byram,BUF,D,67.80,0.32,-1.40,0.48,410,223340.00
8482159,Tyson Foerster,PHI,R,67.71,0.82,-0.60,0.70,405,163904.00
8481068,Yegor Sharangovich,CGY,C,67.65,0.70,1.40,0.84,365,145926.00
8478047,Michael Bunting,NSH,L,67.54,0.82,-3.40,0.66,380,141638.00
8479353,Brett Howden,VGK,C,67.47,0.86,5.00,1.11,400,142684.00
8481532,Alex Turcotte,LAK,C,67.43,0.74,-0.20,0.68,340,95772.00
8480188,Fabian Zetterlund,OTT,L,67.36,0.73,-3.40,0.96,420,164726.00
8476392,Adam Lowry,WPG,C,67.29,0.67,2.00,1.07,365,135152.00
8482109,Alexis Lafrenire,NYR,L,67.24,0.80,14.60,1.08,410,167334.00
8482089,Jake Neighbours,STL,L,67.18,0.87,-2.40,0.64,410,156404.00
8476438,Brandon Saad,VGK,L,67.18,0.60,5.20,1.18,360,128032.00
8483445,Cutter Gauthier,ANA,L,67.06,0.87,-5.40,1.14,410,139290.00
8478444,Brock Boeser,VAN,R,67.04,0.87,-2.00,0.79,375,163452.00
8480113,Alex Iafallo,WPG,L,67.00,0.76,1.20,1.43,410,130706.00
8477950,Tony DeAngelo,NYI,D,66.91,0.41,-3.60,0.44,175,98044.00
8484958,Maxim Tsyplakov,NYI,R,66.88,0.60,1.40,1.46,385,138296.00
8476923,Damon Severson,CBJ,D,66.87,0.40,1.00,1.26,350,160052.00
8478859,Niko Mikkola,FLA,D,66.86,0.19,6.00,0.59,380,184172.00
8480891,Michael Kesselring,UTA,D,66.85,0.44,-4.60,0.91,410,174036.00
8477429,Andrew Copp,DET,C,66.81,0.73,2.60,1.31,280,98800.00
8476826,Yanni Gourde,TBL,C,66.77,0.56,-1.00,1.05,285,109764.00
8483464,Marco Kasper,DET,C,66.72,0.70,1.20,0.45,385,142766.00
8480748,Kiefer Sherwood,VAN,L,66.72,0.86,-6.80,1.32,390,139362.00
8484144,Connor Bedard,CHI,C,66.67,0.88,-7.00,0.94,410,199610.00
8474149,Evgenii Dadonov,DAL,R,66.58,0.93,0.00,0.50,400,129920.00
8482659,Josh Doan,UTA,R,66.48,0.64,4.60,0.87,255,82734.00
8478498,Jake DeBrusk,VAN,L,66.48,0.87,-1.80,0.57,410,163828.00
8484145,Zach Benson,BUF,L,66.41,0.63,-1.80,1.03,375,133366.00
8482097,Jack Quinn,BUF,R,66.40,0.77,-2.40,0.65,370,131986.00
8481553,Bobby Brink,PHI,R,66.31,0.66,-0.20,1.08,395,140596.00
8480459,Pius Suter,VAN,C,66.27,0.85,0.80,0.81,405,168584.00
8477948,Travis Sanheim,PHI,D,66.27,0.25,3.80,1.51,410,241034.00
8478366,Frank Vatrano,ANA,R,66.22,0.67,4.80,0.55,405,170540.00
8482809,Jackson Blake,CAR,R,66.17,0.81,25.00,1.08,400,132920.00
8476967,Brett Kulak,EDM,D,66.05,0.25,1.80,0.82,410,202064.00
8479339,Patrik Laine,MTL,L,65.97,1.20,-6.00,1.05,260,89278.00
8475171,Oliver Ekman-Larsson,TOR,D,65.94,0.22,2.40,1.04,385,194674.00
8484153,Leo Carlsson,ANA,C,65.94,0.79,-2.20,0.88,380,148112.00
8478397,Rasmus Andersson,CGY,D,65.93,0.28,-5.40,0.93,405,233136.00
8474037,James van Riemsdyk,CBJ,L,65.89,0.95,-3.00,0.34,355,105644.00
8480336,Sean Walker,CAR,D,65.83,0.23,0.20,1.74,410,165644.00
8475753,Justin Faulk,STL,D,65.73,0.26,0.60,0.96,390,210136.00
8477505,Alexander Wennberg,SJS,C,65.72,0.46,-3.40,1.57,385,174240.00
8475220,Marcus Foligno,MIN,L,65.69,0.65,2.00,1.08,385,133814.00
8474150,Mikael Backlund,CGY,C,65.64,0.58,-1.00,1.47,380,170880.00
8483506,Sam Rinzel,CHI,D,65.59,0.11,9.40,0.57,45,25230.00
8480064,Josh Norris,BUF,C,65.58,0.93,-2.20,0.76,280,123288.00
8478055,Gustav Forsling,FLA,D,65.49,0.34,-0.40,1.21,400,220298.00
8482705,Cole Sillinger,CBJ,C,65.42,0.62,-3.80,1.13,330,133956.00
8477444,Andre Burakovsky,SEA,L,65.37,0.70,-5.40,0.95,395,136724.00
8478401,Pavel Zacha,BOS,C,65.36,0.64,-3.20,0.92,410,187574.00
8471724,Kris Letang,PIT,D,65.36,0.29,-2.80,1.28,370,208906.00
8478462,Nicolas Roy,VGK,C,65.31,0.68,-0.60,1.11,355,129656.00
8482762,Simon Edvinsson,DET,D,65.24,0.35,2.60,0.95,390,197700.00
8476917,Adam Pelech,NYI,D,65.23,0.08,1.00,1.71,300,152020.00
8481598,Philip Broberg,STL,D,65.22,0.38,-1.40,0.95,340,167278.00
8482110,Dawson Mercer,NJD,C,65.21,0.66,1.60,0.74,410,175974.00
8478542,Evan Rodrigues,FLA,C,65.20,0.55,3.80,1.01,410,149756.00
8484227,Will Smith,SJS,C,65.19,0.96,-5.00,0.66,370,140772.00
8480817,K'Andre Miller,NYR,D,65.19,0.32,2.60,1.74,370,194886.00
8480028,Morgan Frost,CGY,C,65.17,0.58,-3.80,1.62,405,153142.00
8481577,Philip Tomasino,PIT,R,65.05,0.77,0.80,1.28,305,95646.00
8484984,Ivan Demidov,MTL,R,64.98,2.19,-1.60,0.00,10,3290.00
8480873,Rasmus Sandin,WSH,D,64.95,0.31,6.20,0.99,410,188838.00
8482803,Olen Zellweger,ANA,D,64.93,0.38,-1.80,1.07,310,141050.00
8478042,Viktor Arvidsson,EDM,L,64.92,0.75,5.80,0.90,335,120572.00
8480078,Filip Chytil,VAN,C,64.90,0.76,-2.20,1.07,280,100584.00
8476905,Chandler Stephenson,SEA,C,64.87,0.59,-4.00,1.18,390,182608.00
8477451,Ryan Hartman,MIN,R,64.82,0.64,0.00,1.22,345,123956.00
8477479,Tyler Bertuzzi,CHI,L,64.78,0.91,-5.40,0.91,410,157468.00
8479398,Samuel Girard,COL,D,64.78,0.23,-1.00,0.95,365,182640.00
8475763,Kevin Hayes,PIT,R,64.71,0.73,-3.80,1.05,320,92524.00
8481592,Jakob Pelletier,PHI,L,64.69,0.66,0.80,1.17,245,67950.00
8478882,Vladislav Gavrikov,LAK,D,64.68,0.21,-2.40,0.70,410,227172.00
8477015,Connor Brown,EDM,R,64.55,0.54,1.00,1.36,410,137856.00
8483429,Seamus Casey,NJD,D,64.53,1.08,-8.60,0.68,70,21240.00
8477220,Nate Schmidt,FLA,D,64.52,0.30,4.60,1.27,400,158684.00
8478970,Jalen Chatfield,CAR,D,64.52,0.23,6.60,1.05,395,178962.00
8473986,Alex Killorn,ANA,L,64.42,0.67,-3.80,0.47,410,169996.00
8478233,Andrew Mangiapane,WSH,L,64.38,0.68,-1.80,0.63,405,126616.00
8475184,Chris Kreider,NYR,L,64.38,0.76,1.60,0.47,340,136714.00
8482092,Ridly Greig,OTT,C,64.37,0.60,-0.40,0.90,390,159868.00
8484304,Uvis Balinskis,FLA,D,64.37,0.28,-2.20,1.22,380,135456.00
8475745,Charlie Coyle,COL,C,64.30,0.60,-3.00,1.79,415,169214.00
8479999,Casey Mittelstadt,BOS,C,64.30,0.67,-4.80,0.82,405,165860.00
8476902,Esa Lindell,DAL,D,64.22,0.26,2.00,1.01,400,212934.00
8481725,Elmer Soderblom,DET,L,64.21,0.62,1.60,0.86,130,41716.00
8478874,Adam Gaudette,OTT,R,64.11,0.92,0.00,0.57,405,101306.00
8477511,Anthony Mantha,CGY,R,64.04,1.06,31.40,1.00,65,21688.00
8474151,Ryan McDonagh,TBL,D,64.00,0.26,5.60,0.86,410,200444.00
8478438,Tommy Novak,PIT,C,63.91,0.89,3.40,1.01,270,85738.00
8475848,Brendan Gallagher,MTL,R,63.86,0.87,-3.20,0.84,410,136918.00
8473422,Nick Foligno,CHI,L,63.80,0.65,-2.20,0.77,390,149056.00
8476875,Mike Matheson,MTL,D,63.61,0.30,-5.00,1.29,400,240774.00
8479996,Cody Glass,NJD,C,63.53,0.54,-4.80,0.81,325,106514.00
8477919,Frederick Gaudreau,MIN,C,63.47,0.77,-3.00,1.12,410,154110.00
8479371,Dante Fabbro,CBJ,D,63.44,0.31,3.40,1.01,340,170508.00
8474679,Gustav Nyquist,MIN,R,63.44,0.44,2.40,0.86,395,159772.00
8481533,Trevor Zegras,ANA,C,63.35,0.77,-4.40,0.80,285,116548.00
8474090,Brendan Smith,DAL,D,63.30,0.20,4.80,0.99,160,50722.00
8481028,Martin Pospisil,CGY,C,63.28,0.41,-4.20,0.91,405,134214.00
8478434,Keegan Kolesar,VGK,R,63.17,0.60,-1.40,0.72,410,129828.00
8482145,Mavrik Bourque,DAL,C,63.17,0.61,6.40,0.78,365,111112.00
8480245,Olle Lycksell,PHI,R,63.17,0.32,2.20,1.06,95,27112.00
8479351,Sam Steel,DAL,C,63.16,0.39,-0.40,0.70,395,134050.00
8480855,Jack McBain,UTA,C,63.09,0.59,0.00,0.86,410,133558.00
8477503,Max Domi,TOR,C,63.09,0.71,-3.00,1.20,370,125840.00
8478133,Jake Evans,MTL,C,62.94,0.69,-5.60,0.71,410,153048.00
8474574,Tyler Myers,VAN,D,62.91,0.29,2.40,1.26,355,177146.00
8483468,Jiri Kulich,BUF,C,62.82,0.70,-2.40,0.98,310,110058.00
8476871,Tanner Pearson,VGK,L,62.76,0.70,7.20,0.98,390,110322.00
8474102,David Perron,OTT,L,62.74,0.70,-2.40,1.29,215,72344.00
8480871,Adam Boqvist,NYI,D,62.74,0.54,12.00,0.49,175,59102.00
8477021,Alexander Kerfoot,UTA,C,62.73,0.55,-2.40,1.43,405,148264.00
8477456,J.T. Compher,DET,L,62.70,0.54,-3.80,0.80,380,152132.00
8484203,Bradly Nadeau,CAR,L,62.69,1.04,-0.20,0.00,10,2756.00
8482074,Connor Zary,CGY,C,62.66,0.68,-3.20,0.69,270,104160.00
8477499,Rasmus Ristolainen,PHI,D,62.66,0.17,0.00,1.16,315,155164.00
8482476,Emil Heineman,MTL,L,62.65,0.68,6.00,0.68,310,84758.00
8480797,Joel Farabee,CGY,L,62.65,0.51,0.80,0.94,405,144958.00
8483493,Frank Nazar,CHI,C,62.51,0.72,-2.20,0.57,265,100942.00
8481624,Ilya Mikheyev,CHI,R,62.48,0.71,1.00,1.00,400,150498.00
8475324,Nick Jensen,OTT,D,62.46,0.19,-1.20,0.79,355,172278.00
8483487,Rutger McGroarty,PIT,R,62.39,0.72,3.40,1.03,40,14026.00
8480009,Eeli Tolvanen,SEA,R,62.38,0.82,-4.40,0.67,405,139190.00
8478500,Ivan Provorov,CBJ,D,62.34,0.28,-2.20,0.91,410,229802.00
8474586,Jordan Eberle,SEA,R,62.27,1.04,-2.00,1.84,210,81966.00
8483490,Pavel Mintyukov,ANA,D,62.19,0.33,-3.20,0.65,340,143592.00
8476469,Joel Armia,MTL,R,62.14,0.61,-1.80,0.98,405,139016.00
8480434,Sean Durzi,UTA,D,62.10,0.33,6.80,1.07,150,74332.00
8481582,Nicholas Robertson,TOR,L,62.06,0.80,1.40,1.23,345,99382.00
8482858,Ryker Evans,SEA,D,61.98,0.30,-2.20,0.51,365,170650.00
8475149,Marcus Johansson,MIN,L,61.95,0.65,10.60,0.61,360,141552.00
8482475,Yegor Chinakhov,CBJ,R,61.90,0.79,16.80,0.51,150,56600.00
8481059,Scott Perunovich,NYI,D,61.83,0.30,-1.40,1.07,175,67230.00
8480185,Eetu Luostarinen,FLA,C,61.83,0.42,-5.20,0.98,400,146768.00
8481743,Marc Del Gaizo,NSH,D,61.80,0.22,8.00,1.48,230,92472.00
8476278,Colin Blackwell,DAL,C,61.68,0.53,-4.20,1.24,315,87414.00
8479998,Mikey Anderson,LAK,D,61.67,0.21,3.80,0.76,385,209658.00
8483565,Nick Blankenburg,NSH,D,61.57,0.25,4.20,1.07,300,140776.00
8476525,Colin Miller,WPG,D,61.55,0.33,4.20,0.83,300,104530.00
8478046,Danton Heinen,PIT,L,61.55,0.51,-5.00,1.07,395,127438.00
8478020,Michael Amadio,OTT,R,61.47,0.70,3.00,1.42,360,121788.00
8476292,Ondrej Palat,NJD,L,61.42,0.60,-3.20,1.36,385,127090.00
8478463,Anthony Beauvillier,WSH,L,61.40,0.61,-0.20,0.86,405,125136.00
8475765,Vladimir Tarasenko,DET,R,61.35,0.58,-6.60,0.81,400,141896.00
8477969,Marcus Pettersson,VAN,D,61.33,0.28,-0.60,1.13,390,203024.00
8480246,Nick Perbix,TBL,D,61.33,0.35,6.80,1.16,370,130400.00
8479941,Justin Danforth,CBJ,R,61.27,0.56,-1.60,0.55,305,105294.00
8478099,Kevin Labanc,CBJ,R,61.22,0.34,27.80,1.01,170,42818.00
8484258,Sam Malinski,COL,D,61.18,0.27,-2.40,1.44,380,145502.00
8477845,Trevor van Riemsdyk,WSH,D,61.07,0.17,-3.20,1.04,410,173758.00
8481481,Blake Lizotte,PIT,C,61.05,0.72,-2.80,0.80,295,90076.00
8476854,Hampus Lindholm,BOS,D,61.05,0.44,-4.40,2.37,85,42546.00
8481014,Alexander Romanov,NYI,D,61.00,0.24,0.00,1.01,320,171318.00
8477903,Garnet Hathaway,PHI,R,60.94,0.60,4.00,0.60,335,95384.00
8477507,Nikita Zadorov,BOS,D,60.72,0.17,-3.40,0.88,405,200342.00
8476979,Erik Gustafsson,DET,D,60.71,0.37,4.40,0.61,300,117464.00
8476927,Teddy Blueger,VAN,C,60.71,0.47,-2.00,1.12,410,140882.00
8476393,Nick Cousins,OTT,C,60.68,0.60,-2.00,0.50,250,71416.00
8478891,Mason Appleton,WPG,C,60.67,0.52,2.20,0.85,355,126362.00
8476463,Jonas Brodin,MIN,D,60.66,0.19,-1.40,1.07,250,137694.00
8478911,Matt Roy,WSH,D,60.63,0.31,1.00,0.66,345,164598.00
8479671,Mathieu Olivier,CBJ,R,60.60,0.67,1.80,1.11,410,142278.00
8475188,Brayden McNabb,VGK,D,60.60,0.21,2.60,0.76,410,197910.00
8478507,John Marino,UTA,D,60.58,0.28,-5.00,0.81,175,88902.00
8482122,Brock Faber,MIN,D,60.46,0.24,-1.80,0.87,390,238914.00
8482768,Fedor Svechkov,NSH,C,60.44,0.56,-4.80,0.54,260,80402.00
8482655,J.J. Moser,TBL,D,60.43,0.15,2.80,1.36,270,122166.00
8477989,Christian Dvorak,MTL,C,60.34,0.63,-6.00,0.86,410,149998.00
8481013,Jonatan Berggren,DET,R,60.34,0.64,-5.20,0.68,375,116794.00
8476441,Joel Edmundson,LAK,D,60.32,0.24,3.80,0.92,365,180366.00
8477944,Jakub Vrana,NSH,L,60.32,0.98,-6.00,0.89,195,48440.00
8476925,Colton Sissons,NSH,C,60.25,0.50,2.20,1.16,360,124062.00
8482166,Shakir Mukhamadullin,SJS,D,60.20,0.27,-2.00,0.55,150,65042.00
8481535,Nils Hoglander,VAN,L,60.16,0.60,17.60,0.89,360,104800.00
8483609,Adam Klapka,CGY,R,60.15,1.04,-1.60,1.20,155,35906.00
8482245,Artem Zub,OTT,D,60.12,0.15,3.00,0.99,280,138656.00
8482201,Gage Goncalves,TBL,C,60.07,0.63,5.80,1.41,300,92114.00
8483485,Denton Mateychuk,CBJ,D,60.03,0.38,-1.40,1.40,225,97390.00
8474189,Lars Eller,WSH,C,60.02,0.56,0.00,0.90,400,127598.00
8482073,Braden Schneider,NYR,D,60.02,0.24,1.60,0.80,400,171522.00
8476874,Olli Mtt,UTA,D,59.99,0.19,4.60,1.04,385,180686.00
8480049,Dylan Samberg,WPG,D,59.97,0.36,3.40,1.56,300,152190.00
8477488,Brett Pesce,NJD,D,59.97,0.21,-0.60,0.98,360,184202.00
8476312,Josh Manson,COL,D,59.94,0.21,-2.20,1.39,240,103918.00
8475760,Nick Bjugstad,UTA,C,59.90,0.59,6.00,0.89,330,97546.00
8478904,Steven Lorentz,TOR,C,59.90,0.48,4.00,0.85,400,101308.00
8481546,Cam York,PHI,D,59.89,0.21,0.40,1.09,330,164602.00
8475343,Nic Dowd,WSH,C,59.87,0.50,2.00,1.54,410,149332.00
8479293,Brandon Tanev,WPG,L,59.86,0.53,-0.20,1.32,395,125390.00
8476931,Jake McCabe,TOR,D,59.84,0.22,-3.80,0.38,330,170380.00
8474641,Adam Henrique,EDM,C,59.84,0.47,-0.60,0.96,405,142340.00
8482691,Aatu Raty,VAN,C,59.80,0.85,-0.80,0.34,165,42202.00
8481186,Logan O'Connor,COL,R,59.76,0.42,-5.00,0.90,400,135586.00
8480003,Jesper Boqvist,FLA,C,59.75,0.56,-1.40,1.05,390,123982.00
8480068,Ryan Poehling,PHI,C,59.73,0.74,-4.60,0.70,340,113260.00
8481042,Nikolai Kovalenko,SJS,R,59.71,0.63,-7.20,1.36,285,84408.00
8476897,Oskar Sundqvist,STL,C,59.70,0.46,-3.80,1.29,335,106190.00
8480835,Jack Drury,COL,C,59.64,0.44,0.80,0.77,360,111626.00
8476331,Dylan DeMelo,WPG,D,59.60,0.16,6.20,0.99,410,211878.00
8480448,Parker Kelly,COL,C,59.54,0.47,0.60,1.00,400,122340.00
8475287,Erik Haula,NJD,L,59.54,0.56,-0.80,0.83,345,121750.00
8477506,Ryan Pulock,NYI,D,59.48,0.28,-5.60,1.23,370,187188.00
8476873,Mark Jankowski,CAR,L,59.48,0.70,2.40,0.48,300,90490.00
8481527,Kaedan Korczak,VGK,D,59.33,0.20,20.20,0.70,200,72352.00
8480860,Kevin Bahl,CGY,D,59.29,0.21,-3.80,0.92,365,187352.00
8475179,Dmitry Kulikov,FLA,D,59.26,0.14,2.80,1.42,350,161854.00
8476872,Scott Laughton,TOR,C,59.25,0.63,-7.00,0.98,400,140164.00
8482055,Drew O'Connor,VAN,L,59.12,0.43,-0.20,1.78,420,145782.00
8479982,Conor Timmins,PIT,D,59.07,0.22,5.40,0.57,340,138084.00
8480995,Pontus Holmberg,TOR,R,59.06,0.43,-0.40,0.63,340,103324.00
8481617,Vasily Podkolzin,EDM,R,59.04,0.40,-9.80,1.11,410,130042.00
8482511,Mason Lohrei,BOS,D,59.01,0.26,-6.20,1.40,385,180434.00
8482742,Zachary L'Heureux,NSH,L,58.98,0.40,5.80,1.13,310,89592.00
8480840,Oskar Bck,DAL,C,58.94,0.42,0.80,0.84,365,102524.00
8480073,Erik Brannstrom,VAN,D,58.92,0.43,-3.60,0.86,140,50184.00
8477406,Mattias Janmark,EDM,C,58.86,0.32,-3.80,1.13,400,127654.00
8482624,Daniil Miromanov,CGY,D,58.80,0.19,1.00,0.85,220,93348.00
8481641,Joel Kiviranta,COL,L,58.78,0.68,2.60,1.03,395,118708.00
8475231,Casey Cizikas,NYI,C,58.76,0.42,-2.20,0.98,410,128320.00
8479370,Tyson Jost,CAR,C,58.72,0.42,-0.80,0.89,195,48544.00
8479520,Brandon Duhaime,WSH,R,58.72,0.45,1.40,0.66,410,131302.00
8481178,Egor Zamula,PHI,D,58.70,0.22,-1.40,0.86,315,124910.00
8476457,Adam Larsson,SEA,D,58.66,0.27,-11.40,1.14,410,208468.00
8481568,Alex Vlasic,CHI,D,58.66,0.23,-4.20,1.67,410,228906.00
8481711,Matias Maccelli,UTA,L,58.65,0.60,-8.20,0.87,275,90608.00
8481523,Kirby Dach,MTL,C,58.61,0.48,-2.60,0.67,285,107210.00
8478472,Mathieu Joseph,STL,R,58.58,0.40,-3.00,1.34,300,85734.00
8481618,Alex Newhook,MTL,C,58.53,0.55,-4.20,0.73,410,148900.00
8482142,Jamie Drysdale,PHI,D,58.52,0.27,-4.20,0.86,350,167302.00
8481522,Peyton Krebs,BUF,C,58.51,0.49,-7.40,0.53,405,135418.00
8478851,Alexandre Carrier,MTL,D,58.51,0.23,-11.00,0.81,395,195164.00
8475714,Calle Jarnkrok,TOR,C,58.42,0.43,-6.60,0.24,95,30162.00
8483505,Matthew Poitras,BOS,C,58.38,0.47,-7.20,1.94,165,51828.00
8478840,Will Borgen,NYR,D,58.37,0.19,2.00,0.92,420,172182.00
8482111,Justin Barron,NSH,D,58.33,0.27,-1.60,0.78,310,129690.00
8479992,Michael Rasmussen,DET,C,58.33,0.55,-1.60,0.58,385,123922.00
8481517,Brett Leason,ANA,R,58.32,0.37,-3.00,0.52,310,96580.00
8482095,Tyler Kleven,OTT,D,58.29,0.19,7.00,1.58,395,137134.00
8475690,Chris Tanev,TOR,D,58.25,0.19,-3.60,0.41,375,177744.00
8480796,Martin Fehrvry,WSH,D,58.25,0.27,-20.00,0.43,405,184726.00
8484929,Juha Jaaska,CAR,L,58.22,0.30,5.00,0.37,90,19286.00
8480192,Johnathan Kovacevic,NJD,D,58.20,0.17,5.80,1.05,405,192592.00
8476374,Sean Kuraly,CBJ,C,58.20,0.45,-3.80,1.06,410,115758.00
8483768,Victor Mancini,VAN,D,58.08,0.25,-1.80,0.38,155,56936.00
8482087,Kaiden Guhle,MTL,D,58.06,0.36,-4.20,0.72,275,139760.00
8475762,Derek Forbort,VAN,D,58.06,0.18,-1.60,0.52,270,110818.00
8481593,Jayden Struble,MTL,D,57.96,0.23,-4.40,1.65,280,100494.00
8476467,Jamie Oleksiak,SEA,D,57.93,0.22,0.20,0.90,410,184758.00
8479390,Taylor Raddysh,WSH,R,57.91,0.45,-8.20,0.67,400,118664.00
8478416,Erik Cernak,TBL,D,57.90,0.22,-14.40,0.86,380,166536.00
8475193,Tomas Tatar,NJD,L,57.88,0.42,-3.60,0.51,370,98594.00
8478057,Dakota Joshua,VAN,C,57.88,0.50,-5.40,0.97,285,88652.00
8476981,Josh Anderson,MTL,R,57.87,0.63,-7.60,0.88,405,139186.00
8480813,Joe Veleno,CHI,C,57.86,0.40,0.40,0.87,370,107610.00
8480990,Declan Chisholm,MIN,D,57.73,0.19,0.00,1.44,330,134582.00
8477810,Joel Hanley,CGY,D,57.68,0.12,3.20,0.43,265,118172.00
8479066,Ryan Lomberg,CGY,L,57.67,0.40,-6.20,0.95,400,83088.00
8477369,Carson Soucy,NYR,D,57.66,0.16,-4.20,0.76,375,161236.00
8481043,Cole Koepke,BOS,L,57.62,0.58,2.80,0.58,365,98516.00
8479619,Michael Carcone,UTA,L,57.58,0.53,-7.80,0.59,265,72714.00
8478399,Jonas Siegenthaler,NJD,D,57.58,0.09,7.00,0.78,275,129370.00
8483476,Jonathan Lekkerimki,VAN,R,57.57,0.44,0.20,0.80,120,36016.00
8478413,Jordan Greenway,BUF,L,57.56,0.40,-3.80,0.82,170,61502.00
8479421,Jacob Moverare,LAK,D,57.54,0.14,-1.20,0.72,245,69730.00
8482117,Lukas Reichel,CHI,L,57.48,0.58,-9.00,0.94,350,100054.00
8480807,Mattias Samuelsson,BUF,D,57.41,0.24,-1.80,0.55,310,143618.00
8475225,Craig Smith,DET,C,57.35,0.74,-10.00,1.44,295,80278.00
8474157,Max Pacioretty,TOR,L,57.28,0.55,-6.60,0.60,185,59930.00
8477953,Kasperi Kapanen,EDM,R,57.27,0.45,-2.60,0.68,335,95834.00
8480084,Nick DeSimone,UTA,D,57.26,0.27,-6.80,0.96,100,37398.00
8478115,Pierre Engvall,NYI,L,57.25,0.46,5.40,0.57,310,87922.00
8477931,Tomas Nosek,FLA,L,57.16,0.31,-7.20,0.52,295,69504.00
8479324,Ryan Lindgren,COL,D,57.15,0.19,-12.40,0.51,360,170242.00
8479661,Tanner Jeannot,LAK,L,57.14,0.41,3.20,0.24,335,88574.00
8482733,Logan Mailloux,MTL,D,57.08,0.85,-7.80,0.00,35,13612.00
8475208,Brian Dumoulin,NJD,D,57.06,0.22,-22.80,1.07,400,187620.00
8482700,Nolan Allan,CHI,D,57.04,0.17,-1.20,0.74,215,78062.00
8475455,Brenden Dillon,NJD,D,57.03,0.06,1.40,0.32,410,182784.00
8476372,Nick Seeler,PHI,D,57.01,0.21,-14.20,1.04,385,159664.00
8477993,Justin Kirkland,CGY,C,56.98,0.82,-15.20,0.88,105,24446.00
8478508,Yakov Trenin,MIN,C,56.93,0.39,1.80,0.76,380,114150.00
8480834,Ty Emberson,EDM,D,56.93,0.21,-20.40,1.67,380,137834.00
8478409,Anthony Richard,PHI,C,56.92,0.91,-3.80,0.97,75,22254.00
8479638,Justin Brazeau,MIN,R,56.88,0.65,-10.80,0.93,380,108206.00
8478474,Lawson Crouse,UTA,L,56.88,0.45,2.60,0.86,405,133452.00
8474013,Ian Cole,UTA,D,56.87,0.14,-18.20,0.90,410,199576.00
8481024,Linus Karlsson,VAN,C,56.84,0.62,10.40,0.72,115,30176.00
8483491,Ivan Miroshnichenko,WSH,L,56.84,0.50,9.80,1.07,90,20180.00
8481167,Brayden Pachal,CGY,D,56.84,0.21,-8.60,0.89,380,129870.00
8479414,Nathan Bastian,NJD,R,56.80,0.37,3.80,0.19,295,77438.00
8481655,Cole Schwindt,VGK,R,56.69,0.22,5.60,0.93,210,46652.00
8477392,Hudson Fasching,NYI,R,56.65,0.20,3.20,1.13,215,57182.00
8480035,Henri Jokiharju,BOS,D,56.61,0.17,-2.20,0.73,300,128346.00
8483495,Simon Nemec,NJD,D,56.53,0.18,0.80,0.74,135,48538.00
8476994,Vinnie Hinostroza,MIN,C,56.53,0.41,13.00,0.97,190,59356.00
8480879,Jacob Bernard-Docker,BUF,D,56.50,0.26,2.20,0.33,200,65352.00
8479369,Andrew Peeke,BOS,D,56.49,0.18,-4.20,0.64,380,169694.00
8477478,William Carrier,CAR,L,56.44,0.48,13.20,1.31,215,60538.00
8476429,Scott Mayfield,NYI,D,56.43,0.16,1.20,1.44,330,134646.00
8477353,Tyler Motte,DET,C,56.42,0.39,-3.80,1.54,275,74674.00
8475842,Sam Carrick,NYR,C,56.40,0.45,-11.80,1.01,400,114546.00
8482144,Jack Thompson,SJS,D,56.36,0.49,-7.00,0.86,155,58740.00
8482929,Emil Lilleberg,TBL,D,56.32,0.20,-16.20,0.62,380,139370.00
8482807,Ethan Del Mastro,CHI,D,56.31,0.30,10.00,0.82,120,52730.00
8477851,Jordan Oesterle,NSH,D,56.26,0.34,-9.60,1.42,185,76156.00
8480001,Urho Vaakanainen,NYR,D,56.21,0.26,-25.20,0.72,255,100434.00
8477365,Connor Clifton,BUF,D,56.19,0.15,-23.00,1.33,365,140586.00
8482125,Alexander Holtz,VGK,R,56.17,0.39,-8.40,0.29,265,73680.00
8478421,A.J. Greer,FLA,L,56.17,0.56,12.60,0.62,405,93246.00
8480806,Isac Lundestrom,ANA,C,56.15,0.27,-9.60,0.84,395,128428.00
8477573,Nathan Walker,STL,L,56.14,0.46,-8.20,0.68,365,106052.00
8483573,Ethen Frank,WSH,C,56.14,0.65,-7.00,1.15,120,31174.00
8480878,Nils Lundkvist,DAL,D,56.13,0.12,3.20,0.61,195,70252.00
8475462,Radko Gudas,ANA,D,56.13,0.19,-2.20,0.56,405,193094.00
8479944,Zachary Aston-Reese,CBJ,C,56.11,0.34,5.20,0.62,395,127456.00
8477446,Michael McCarron,NSH,C,56.05,0.27,2.40,0.88,370,122172.00
8477380,Jonny Brodzinski,NYR,C,56.05,0.85,-2.80,1.11,255,71452.00
8479976,Juuso Vlimki,UTA,D,56.05,0.17,-2.60,0.93,215,85414.00
8480043,Timothy Liljegren,SJS,D,56.04,0.22,-9.60,0.69,340,156640.00
8478136,Jake Middleton,MIN,D,56.04,0.31,-16.60,0.86,335,175870.00
8476856,Mathew Dumba,DAL,D,56.01,0.19,-4.00,1.00,315,115668.00
8480011,Klim Kostin,SJS,C,55.97,0.22,-14.40,0.80,175,44842.00
8476889,Radek Faksa,STL,C,55.97,0.38,-7.80,0.86,350,109398.00
8480289,Morgan Barron,WPG,C,55.97,0.53,12.00,1.80,370,92132.00
8475718,Justin Holl,DET,D,55.95,0.18,3.00,0.44,365,129578.00
8479442,Troy Stecher,EDM,D,55.95,0.20,-3.80,0.72,330,109878.00
8478831,Kevin Stenlund,UTA,C,55.95,0.59,-13.00,0.82,410,141214.00
8476473,Connor Murphy,CHI,D,55.90,0.10,-9.20,0.73,340,168218.00
8484911,Collin Graf,SJS,R,55.87,0.53,-8.80,0.80,165,62804.00
8482787,Nikita Chibrikov,WPG,R,55.83,1.58,-4.20,1.32,20,5474.00
8482062,Cole Smith,NSH,R,55.82,0.25,3.00,1.12,355,115922.00
8475233,David Savard,MTL,D,55.81,0.13,-6.60,0.87,375,149304.00
8482703,Colton Dach,CHI,C,55.81,0.40,-8.00,2.57,125,36384.00
8483425,Lian Bichsel,DAL,D,55.76,0.34,-9.20,0.42,190,67902.00
8478443,Brandon Carlo,TOR,D,55.75,0.04,-0.20,0.80,415,188244.00
8478211,Dryden Hunt,CGY,L,55.74,0.82,-31.40,2.06,25,6994.00
8480950,Ilya Lyubushkin,DAL,D,55.62,0.09,-0.40,0.86,400,166914.00
8479983,Mario Ferraro,SJS,D,55.62,0.21,-21.40,1.33,390,200318.00
8477952,Robby Fabbri,ANA,C,55.59,0.59,-5.80,1.18,220,85560.00
8474568,Luke Schenn,WPG,D,55.59,0.07,1.40,0.79,380,145494.00
8473453,Trevor Lewis,LAK,C,55.57,0.43,-5.60,0.39,300,73596.00
8482070,Mitchell Chaffee,TBL,R,55.55,0.63,-7.00,0.76,330,95318.00
8483930,Ivan Ivan,COL,C,55.51,0.51,-5.60,0.30,200,48180.00
8481708,Zac Jones,NYR,D,55.51,0.17,10.00,1.17,230,95242.00
8479591,Michael Eyssimont,SEA,C,55.51,0.48,-12.20,0.88,385,98072.00
8481556,John Beecher,BOS,C,55.48,0.31,2.60,0.95,390,105614.00
8476885,Jacob Trouba,ANA,D,55.43,0.19,-6.20,1.10,385,189588.00
8483678,Elias Pettersson,VAN,D,55.42,0.17,4.00,0.17,140,43082.00
8479344,Jesse Puljujarvi,FLA,R,55.39,0.53,-11.60,0.49,155,43832.00
8479356,Kieffer Bellows,NSH,L,55.33,0.47,-10.20,0.89,95,24338.00
8482132,Brett Berard,NYR,L,55.33,0.64,-10.60,1.12,175,45002.00
8480727,Zach Whitecloud,VGK,D,55.32,0.20,-15.80,0.65,370,155496.00
8481789,Tye Kartye,SEA,L,55.32,0.44,6.20,0.39,315,73188.00
8483460,David Jiricek,MIN,D,55.29,0.41,-12.20,1.24,60,17450.00
8479402,Jake Bean,CGY,D,55.27,0.12,-7.00,1.68,320,115884.00
8480355,Mark Kastelic,BOS,C,55.26,0.49,-12.00,1.10,305,78588.00
8482118,Sam Colangelo,ANA,R,55.25,1.02,-7.80,0.15,160,47948.00
8478466,Daniel Sprong,NJD,R,55.22,0.46,-5.60,0.66,150,43910.00
8475413,Justin Dowling,NJD,C,55.12,0.23,2.00,1.58,260,63790.00
8474567,Zach Bogosian,MIN,D,55.12,0.22,-21.60,1.03,405,153644.00
8481477,Nico Sturm,FLA,C,55.07,0.58,-25.00,0.65,310,77472.00
8482666,Scott Morrow,CAR,D,55.06,0.38,-13.20,1.36,70,26540.00
8481607,Albert Johansson,DET,D,55.05,0.16,-5.60,0.90,305,119762.00
8477425,Miles Wood,COL,L,54.99,0.40,-9.40,0.86,185,50416.00
8481032,Paul Cotter,NJD,C,54.97,0.65,15.80,0.99,395,123982.00
8476934,Brock McGinn,ANA,L,54.91,0.63,-18.20,1.38,130,36530.00
8478432,Christian Fischer,CBJ,R,54.91,0.21,-3.80,0.47,230,61350.00
8480281,Alexey Toropchenko,STL,R,54.87,0.29,-9.60,0.36,400,119928.00
8479395,Dennis Cholowski,NJD,D,54.87,0.31,-6.60,0.94,195,61170.00
8483567,Georgii Merkulov,BOS,C,54.87,0.29,2.20,0.73,30,9888.00
8474034,Patrick Maroon,CHI,L,54.85,0.57,-11.60,0.31,340,94164.00
8483499,Liam Ohgren,MIN,L,54.85,0.45,-18.00,1.13,120,31984.00
8482126,Emil Andrae,PHI,D,54.84,0.18,-8.40,1.32,210,87418.00
8482209,Rory Kerins,CGY,C,54.82,0.39,-15.60,0.00,25,7336.00
8479365,Trent Frederic,EDM,C,54.79,0.48,-12.40,0.90,290,95502.00
8476422,Mike Reilly,NYI,D,54.79,0.18,-4.20,0.44,90,32762.00
8476879,Cody Ceci,DAL,D,54.77,0.16,-8.60,0.77,425,216360.00
8479291,Kevin Rooney,CGY,C,54.76,0.35,-8.00,0.82,350,79100.00
8481609,Vladislav Kolyachonok,PIT,D,54.72,0.32,-24.80,0.79,175,54672.00
8482482,Adam Wilsby,NSH,D,54.65,0.14,-9.20,1.44,115,49952.00
8473507,Jeff Petry,DET,D,54.64,0.16,-1.00,1.15,220,99774.00
8479372,Joshua Mahura,SEA,D,54.63,0.14,-5.00,0.68,320,105640.00
8479980,Nicolas Hague,VGK,D,54.53,0.20,-18.40,0.93,340,138688.00
8482763,Fabian Lysell,BOS,R,54.52,0.52,5.80,0.74,60,19356.00
8479523,Lucas Carlsson,SJS,D,54.50,0.33,-12.20,1.43,65,30206.00
8478569,Noel Acciari,PIT,C,54.50,0.28,-4.00,0.77,395,130440.00
8477450,Jason Dickinson,CHI,C,54.50,0.38,-26.40,0.84,295,111150.00
8479378,Logan Stanley,WPG,D,54.43,0.13,-23.60,0.67,315,117812.00
8480798,Philipp Kurashev,CHI,C,54.39,0.44,-17.40,1.11,255,83962.00
8481019,David Gustafsson,WPG,C,54.38,0.37,-25.80,0.37,180,38796.00
8481703,Valtteri Puustinen,PIT,R,54.37,0.75,10.00,1.40,65,15432.00
8470600,Ryan Suter,STL,D,54.37,0.15,-7.40,0.56,410,191598.00
8483472,Maveric Lamoureux,UTA,D,54.36,0.25,-22.80,0.74,75,29024.00
8481161,Jake Christiansen,CBJ,D,54.36,0.15,-24.80,0.56,340,102326.00
8479977,Kailer Yamamoto,UTA,R,54.33,0.66,14.00,0.41,60,17442.00
8479022,Rodrigo Abols,PHI,C,54.31,0.47,-28.60,1.19,110,24262.00
8474166,Alec Martinez,CHI,D,54.28,0.22,-13.80,0.66,220,98886.00
8478450,Parker Wotherspoon,BOS,D,54.26,0.16,-17.00,0.91,275,118992.00
8484221,Calum Ritchie,COL,C,54.26,0.40,1.20,0.67,35,10736.00
8481122,Simon Benoit,TOR,D,54.25,0.10,-1.60,0.74,390,154874.00
8483406,Taylor Ward,LAK,R,54.23,2.42,-1.60,0.00,5,1784.00
8481726,Adam Edstrom,NYR,C,54.17,0.53,-27.60,0.89,255,56754.00
8480144,David Kampf,TOR,C,54.17,0.48,-18.00,1.39,295,87742.00
8481704,Juuso Parssinen,NYR,C,54.16,0.66,-10.40,0.47,240,60682.00
8477407,Anthony Duclair,NYI,L,54.16,0.53,-7.00,0.82,220,79420.00
8482726,Samuel Helenius,LAK,C,54.15,0.39,-7.20,0.55,250,51926.00
8481237,Kyle MacLean,NYI,C,54.10,0.30,0.00,0.89,405,96834.00
8474612,Travis Hamonic,OTT,D,54.09,0.06,-6.60,1.01,295,120834.00
8481563,Drew Helleson,ANA,D,54.06,0.31,-26.60,1.11,280,109880.00
8482177,Marat Khusnutdinov,BOS,C,54.06,0.30,-9.80,0.40,375,108766.00
8479985,Cale Fleury,SEA,D,54.06,0.00,12.00,1.67,70,21616.00
8475790,Erik Gudbranson,CBJ,D,54.00,0.08,-5.40,0.63,80,34120.00
8478585,Derek Ryan,EDM,C,53.97,0.25,-33.40,1.60,180,40418.00
8475906,John Klingberg,EDM,D,53.96,0.32,-14.40,0.32,55,22762.00
8475177,Calvin de Haan,NYR,D,53.93,0.14,-14.20,0.60,235,84452.00
8475197,Tyson Barrie,CGY,D,53.92,0.41,-9.80,0.58,65,24650.00
8473446,Erik Johnson,COL,D,53.91,0.14,-20.20,1.83,180,63020.00
8483447,Conor Geekie,TBL,C,53.90,0.60,-8.40,0.75,260,76910.00
8480880,Jakub Lauko,BOS,C,53.88,0.42,-18.80,0.60,280,71998.00
8482496,Nils Aman,VAN,C,53.88,0.30,-32.20,0.90,95,23904.00
8476918,Jimmy Vesey,COL,L,53.85,0.55,-17.00,0.92,215,54942.00
8483497,Jani Nyman,SEA,R,53.85,0.79,-10.00,0.71,60,20140.00
8480789,Oliver Wahlstrom,BOS,R,53.81,0.30,-8.80,0.68,215,52766.00
8479336,Carl Grundstrom,SJS,R,53.79,0.42,-18.40,0.56,280,64488.00
8475795,Dylan McIlrath,WSH,D,53.77,0.12,-5.80,0.91,85,23778.00
8480980,Connor Dewar,PIT,C,53.73,0.30,-5.80,0.65,240,66572.00
8484197,Oliver Moore,CHI,C,53.72,0.39,-19.40,0.49,45,14664.00
8477335,Kyle Burroughs,LAK,D,53.70,0.28,8.80,0.70,165,30960.00
8475181,Nick Leddy,STL,D,53.70,0.17,-28.80,1.14,155,69454.00
8484783,Artyom Levshunov,CHI,D,53.69,0.20,-11.20,0.66,90,43882.00
8479968,Vinni Lettieri,BOS,C,53.69,0.44,-10.20,1.71,130,42176.00
8479316,Luke Kunin,CBJ,C,53.69,0.45,-6.80,0.65,375,132214.00
8474715,Cam Atkinson,TBL,R,53.68,0.75,-11.40,0.51,195,42086.00
8479393,Noah Gregor,SJS,L,53.67,0.33,-2.40,0.73,260,69302.00
8482460,Matt Rempe,NYR,C,53.63,0.44,-33.40,0.67,210,42878.00
8484321,Nikolas Matinpalo,OTT,D,53.61,0.16,-11.20,0.93,205,62040.00
8482148,Hendrix Lapierre,WSH,C,53.60,0.27,-8.00,1.13,135,31740.00
8478854,Ryan Shea,PIT,D,53.59,0.22,-14.00,1.29,195,78278.00
8481056,Spencer Stastney,NSH,D,53.58,0.06,-9.20,0.81,115,44646.00
8481006,Tyler Tucker,STL,D,53.57,0.24,-17.40,1.41,190,66470.00
8483516,Jimmy Snuggerud,STL,R,53.55,1.00,-5.40,2.22,35,12992.00
8480887,Jordan Harris,CBJ,D,53.54,0.29,25.40,0.64,165,45094.00
8478468,Jeremy Lauzon,NSH,D,53.53,0.00,4.20,0.48,140,60384.00
8471817,Ryan Reaves,TOR,R,53.51,0.09,6.40,0.88,175,32762.00
8482896,Tyson Kozak,BUF,C,53.49,0.60,-9.80,0.54,105,26434.00
8478430,Oliver Kylington,ANA,D,53.49,0.57,-25.40,1.28,95,28032.00
8484136,Max Sasson,VAN,C,53.48,0.68,-10.40,1.20,145,35952.00
8478146,Matthew Highmore,OTT,C,53.46,0.31,-16.80,0.52,205,54932.00
8477938,Haydn Fleury,WPG,D,53.44,0.15,-28.20,0.29,195,74542.00
8477508,Curtis Lazar,NJD,C,53.43,0.24,-0.40,0.35,240,60866.00
8480172,Jan Rutta,SJS,D,53.42,0.17,-23.60,0.71,270,111820.00
8480074,Alexandre Texier,STL,C,53.39,0.81,-14.20,0.77,155,46454.00
8477018,Ben Hutton,VGK,D,53.39,0.16,-10.80,0.00,55,17468.00
8475279,Ben Chiarot,DET,D,53.37,0.18,-7.00,0.91,405,206378.00
8479772,Zack MacEwen,OTT,R,53.31,0.44,-8.40,1.10,105,19558.00
8471677,Jack Johnson,CBJ,D,53.30,0.09,-12.40,0.91,205,63336.00
8479026,Philippe Myers,TOR,D,53.29,0.12,-21.00,1.33,180,70114.00
8479359,Beck Malenstyn,BUF,L,53.28,0.33,-11.60,0.75,380,96042.00
8480845,Rasmus Kupari,WPG,C,53.21,0.42,-15.80,0.89,295,72636.00
8481732,Andre Lee,LAK,L,53.20,0.48,-10.20,1.38,95,20910.00
8482785,Justin Robidas,CAR,C,53.19,2.69,-28.80,0.00,10,2674.00
8477435,Ryan Graves,PIT,D,53.15,0.04,-11.80,1.18,305,109728.00
8482451,Mikael Pyyhtia,CBJ,L,53.13,0.38,-9.60,0.95,235,68242.00
8482088,Justin Sourdif,FLA,R,53.12,3.81,-14.80,0.00,5,1134.00
8481491,Noah Philp,EDM,C,53.12,0.18,-23.00,0.44,75,16336.00
8483466,Kevin Korchinski,CHI,D,53.10,0.13,-8.20,0.88,80,32812.00
8477401,John Hayden,SEA,C,53.06,0.35,-16.60,1.06,100,20420.00
8482634,Alex Steeves,TOR,C,53.03,0.52,-29.00,0.00,35,8308.00
8476858,Phillip Di Giuseppe,VAN,L,53.02,0.36,-28.60,0.26,100,27756.00
8478424,Jansen Harkins,ANA,C,53.02,0.14,-10.00,1.33,310,81300.00
8477971,Andreas Englund,NSH,D,53.02,0.13,-13.60,0.78,175,55698.00
8481567,Henry Thrun,SJS,D,53.00,0.11,-16.60,0.69,300,126098.00
8480196,Jacob Bryson,BUF,D,52.98,0.17,-22.60,0.69,240,82900.00
8479981,Jonah Gadjovich,FLA,L,52.96,0.41,-1.80,0.34,210,42590.00
8482964,Arber Xhekaj,MTL,D,52.95,0.08,-26.60,0.94,350,122842.00
8476878,Zemgus Girgensons,TBL,C,52.89,0.18,-11.40,0.63,410,114780.00
8476822,Luke Glendening,TBL,C,52.87,0.26,-7.00,0.43,385,99652.00
8480848,Ty Dellandrea,SJS,C,52.87,0.13,-25.00,0.67,340,96324.00
8480058,P.O Joseph,PIT,D,52.87,0.07,-21.60,1.67,235,86074.00
8477244,Chad Ruhwedel,NYR,D,52.85,0.34,-17.60,0.85,25,8462.00
8474673,TJ Brodie,CHI,D,52.85,0.11,-29.80,1.00,270,101298.00
8474145,Robert Bortuzzo,UTA,D,52.85,0.13,-23.00,0.00,85,22344.00
8482516,Matthew Kessel,STL,D,52.83,0.13,-31.40,0.94,145,45728.00
8481560,Arthur Kaliyev,NYR,R,52.81,0.84,-10.80,0.00,70,18834.00
8483397,Marc McLaughlin,NJD,C,52.81,0.74,-28.00,0.93,70,15466.00
8480883,Ty Smith,CAR,D,52.79,0.55,-14.40,0.55,40,13118.00
8479387,Keaton Middleton,COL,D,52.79,0.05,-25.40,0.89,205,56516.00
8482859,Zack Ostapchuk,SJS,C,52.79,0.11,-8.40,0.91,280,63298.00
8480306,Grant Hutton,NYI,D,52.77,0.14,-5.60,0.69,65,21000.00
8478043,Sam Lafferty,BUF,C,52.74,0.28,-11.00,0.51,300,71108.00
8483503,Owen Pickering,PIT,D,52.73,0.10,-29.60,0.81,125,44446.00
8483448,Isaiah George,NYI,D,52.67,0.07,-11.80,0.70,165,61960.00
8483481,Cam Lund,SJS,C,52.67,0.76,-18.80,0.47,55,15188.00
8482635,Mike Hardman,NJD,L,52.64,0.00,-19.20,0.00,10,2170.00
8477527,Ross Johnston,ANA,L,52.63,0.22,-33.40,0.48,215,44846.00
8475235,Nicolas Deslauriers,PHI,L,52.62,0.30,10.00,0.25,155,28404.00
8483489,Fraser Minten,BOS,C,52.60,0.57,-11.80,0.44,105,32818.00
8476913,Devin Shore,MIN,C,52.60,0.18,-33.60,0.88,275,57102.00
8477070,Liam O'Brien,UTA,C,52.59,0.09,-30.40,0.46,140,31238.00
8482094,Daemon Hunt,MIN,D,52.59,0.00,-23.20,7.48,5,962.00
8479341,Cam Dineen,EDM,D,52.58,0.00,-13.40,1.75,20,8250.00
8483467,Kirill Kudryavtsev,VAN,D,52.58,0.00,9.00,0.00,10,3392.00
8484180,Samuel Honzek,CGY,L,52.55,0.00,5.60,0.97,25,7436.00
8482866,Ville Ottavainen,SEA,D,52.53,0.00,-21.60,0.00,5,1728.00
8482652,Walker Duehr,SJS,R,52.50,0.45,7.40,0.00,120,25354.00
8482172,Landon Slaggert,CHI,L,52.49,0.41,-20.00,1.33,165,48738.00
8482408,Jeff Malott,LAK,L,52.47,0.00,-11.60,0.97,60,14796.00
8474870,Tyler Johnson,BOS,C,52.45,0.20,-13.80,0.00,45,14124.00
8484821,Sam Morton,CGY,C,52.39,2.90,-35.00,0.00,5,1490.00
8482747,Brennan Othmann,NYR,L,52.39,0.11,-16.80,0.27,110,26324.00
8483549,Lucas Condotta,MTL,L,52.39,0.63,-13.80,0.00,35,6890.00
8481133,Cole Reinhardt,OTT,L,52.38,0.43,-35.20,0.43,85,16732.00
8482765,Isak Rosen,BUF,R,52.35,0.31,-12.00,0.78,40,9254.00
8481754,Nikita Nesterenko,ANA,C,52.35,0.93,-23.60,0.58,100,24760.00
8482176,Wyatt Kaiser,CHI,D,52.33,0.19,-20.20,1.34,285,123920.00
8483553,Marc Gatcomb,NYI,C,52.29,0.75,-32.60,1.10,195,45804.00
8482641,Matt Kiersted,FLA,D,52.28,0.00,-26.80,0.00,10,3042.00
8475958,Michael Sgarbossa,WSH,C,52.25,2.14,-22.40,0.00,15,3362.00
8476442,Matt Nieto,PIT,L,52.23,0.15,-13.20,0.15,160,47040.00
8482067,Connor Mackey,NYR,D,52.21,0.00,-4.60,0.00,10,3870.00
8477979,Nicolas Aube-Kubel,NYR,R,52.21,0.29,-30.40,2.61,110,24872.00
8471709,Marc-Edouard Vlasic,SJS,D,52.21,0.15,-28.00,0.61,135,47386.00
8480823,Alexander Alexeyev,WSH,D,52.20,0.00,-1.80,0.93,40,15428.00
8478502,Dennis Gilbert,OTT,D,52.19,0.16,-33.00,1.18,145,36462.00
8480205,Emil Bemstrom,PIT,C,52.18,0.21,-15.80,0.51,70,13996.00
8481030,Jack St. Ivany,PIT,D,52.16,0.00,-34.60,1.35,95,37318.00
8484135,Parker Ford,WPG,C,52.16,1.53,-31.40,5.11,15,2820.00
8481806,Louis Crevier,CHI,D,52.15,0.20,-7.60,0.43,160,66376.00
8475750,Jon Merrill,MIN,D,52.12,0.12,-29.00,0.85,350,118398.00
8477887,Patrick Brown,BOS,C,52.11,0.15,-24.80,1.14,75,19018.00
8478452,Caleb Jones,LAK,D,52.10,0.00,-10.00,0.80,30,9050.00
8475857,Kevin Gravel,NSH,D,52.10,0.22,-10.00,0.00,30,12842.00
8478056,Clark Bishop,CGY,C,52.10,0.83,-37.80,1.38,30,5220.00
8481461,Corey Schueneman,STL,D,52.08,0.00,-25.20,0.00,20,6744.00
8481065,Angus Crookshank,OTT,L,52.08,0.31,-7.20,0.00,40,9440.00
8476867,Brendan Gaunce,MIN,C,52.06,0.21,-14.80,1.03,60,13960.00
8483531,Brian Halonen,NJD,L,52.04,0.00,-13.00,2.16,10,3336.00
8482470,Ilya Solovyov,CGY,D,52.04,0.31,-30.00,2.30,25,9402.00
8481562,Domenick Fensore,CAR,D,52.04,0.00,-26.40,0.00,10,4576.00
8476988,Matt Benning,SJS,D,52.03,0.00,-23.00,0.66,35,10954.00
8479388,Riley Stillman,CAR,D,52.03,0.00,-15.20,0.00,25,4308.00
8481572,Ville Heinola,WPG,D,52.02,0.00,-8.80,1.64,90,30646.00
8483398,Declan Carlile,TBL,D,52.00,0.92,-28.80,0.00,15,4682.00
8482169,Helge Grans,PHI,D,52.00,0.00,-19.20,1.38,30,10410.00
8481719,Maxwell Crozier,TBL,D,52.00,0.00,-26.80,0.00,25,10014.00
8482250,Callahan Burke,VGK,C,52.00,0.47,-33.40,0.00,35,9106.00
8480070,Ian Mitchell,BOS,D,52.00,0.00,-19.60,1.28,75,28080.00
8475755,Alexander Petrovic,DAL,D,51.99,0.00,-28.40,0.85,25,8464.00
8482663,Dylan Duke,TBL,L,51.99,2.29,-42.40,0.00,10,1886.00
8479639,Dylan Coghlan,WPG,D,51.98,0.00,-29.40,1.30,30,11054.00
8479994,Jaret Anderson-Dolan,WPG,C,51.97,0.35,-23.40,0.86,35,8346.00
8477463,Steven Santini,TBL,D,51.96,0.00,-24.00,0.00,5,1394.00
8479594,Nathan Clurman,PIT,D,51.94,0.00,-12.80,0.00,5,1330.00
8481525,Matthew Robertson,NYR,D,51.94,0.00,-14.80,1.70,10,4232.00
8482090,Jack Finley,TBL,C,51.93,0.00,-32.80,0.00,5,1010.00
8481600,Tobias Bjornfot,FLA,D,51.92,0.00,-20.20,0.33,70,22008.00
8484150,Hunter Brzustewicz,CGY,D,51.92,0.00,-17.20,3.26,5,2206.00
8479315,Joey Anderson,CHI,R,51.92,0.11,-26.20,2.15,90,26770.00
8481558,John Farinacci,BOS,C,51.92,3.28,-32.00,0.00,5,1316.00
8476624,Barclay Goodrow,SJS,C,51.91,0.21,-15.20,1.47,385,127360.00
8481206,John Ludvig,COL,D,51.90,0.00,-32.00,0.58,40,12432.00
8479576,Vincent Desharnais,SJS,D,51.89,0.00,-13.20,0.22,255,97424.00
8482775,Oliver Kapanen,MTL,C,51.88,0.00,-5.20,0.31,90,23522.00
8483017,Frederic Brunet,BOS,D,51.85,0.00,-19.80,4.17,5,1726.00
8484164,Dalibor Dvorsky,STL,R,51.83,0.00,-24.80,0.00,10,2258.00
8482101,Danil Gushchin,SJS,L,51.83,0.16,-15.40,0.00,60,17712.00
8477073,Kurtis MacDermid,NJD,L,51.82,0.00,-15.20,0.45,115,15942.00
8484186,Ryan Leonard,WSH,R,51.82,0.28,-3.00,1.88,45,15312.00
8481737,Matt Stienburg,COL,C,51.82,0.00,-27.40,0.00,40,5846.00
8478173,Hayden Hodgson,OTT,R,51.81,0.00,-24.40,0.00,10,2058.00
8482751,Ryan Winterton,SEA,C,51.81,0.18,-33.40,0.46,60,15600.00
8484152,Luca Cagnoni,SJS,D,51.81,0.00,-7.60,1.13,30,12702.00
8483569,Wyatt Aamodt,COL,D,51.81,1.05,-31.80,1.75,10,4108.00
8482206,Ethan Cardwell,SJS,R,51.81,0.52,-34.80,0.87,30,8302.00
8481486,Jimmy Schuldt,SJS,D,51.80,0.00,-29.80,0.54,40,13232.00
8477541,Dakota Mermis,TOR,D,51.77,0.39,-9.60,0.00,20,7298.00
8482102,Vasily Ponomarev,PIT,C,51.77,0.00,-34.40,2.56,35,8424.00
8478147,Bokondji Imama,PIT,L,51.76,0.40,-35.60,0.00,80,10878.00
8480828,Michael Callahan,BOS,D,51.76,0.15,-30.60,0.25,85,28852.00
8484779,Jett Luchanko,PHI,C,51.75,0.00,5.40,1.07,20,6746.00
8479718,Alex Barr-Boulet,MTL,C,51.75,0.00,6.20,2.95,10,2438.00
8485512,Tim Washe,ANA,C,51.75,0.00,-16.40,0.00,10,1856.00
8484255,Jason Polin,COL,R,51.75,0.00,-24.40,0.00,10,1244.00
8481147,Reese Johnson,MIN,C,51.74,0.00,-30.80,0.00,15,3430.00
8482192,Isaak Phillips,CHI,D,51.74,1.01,-24.40,0.00,15,4282.00
8474709,Matt Martin,NYI,L,51.73,0.18,-34.60,0.66,160,32828.00
8483424,Owen Beck,MTL,C,51.73,0.00,-28.00,0.50,60,14376.00
8481564,Ryan Johnson,BUF,D,51.72,0.00,-13.60,0.00,15,6360.00
8484210,Gabe Perreault,NYR,R,51.72,0.00,-13.20,0.83,25,8662.00
8478477,Mitchell Stephens,SEA,C,51.72,0.33,-32.80,0.23,140,30998.00
8482712,Oskar Olausson,COL,R,51.71,0.00,-30.80,0.00,10,1634.00
8484234,Aydar Suniev,CGY,L,51.71,0.00,-11.20,0.00,5,1776.00
8482133,Thomas Bordeleau,SJS,C,51.71,0.00,-16.40,0.00,5,1276.00
8480075,Cameron Crotty,MIN,D,51.70,0.00,-15.60,0.00,5,616.00
8483482,Tristan Luneau,ANA,D,51.68,0.00,-24.60,0.60,30,11920.00
8481536,Daniil Misyul,NJD,D,51.66,0.00,-31.60,0.00,5,1486.00
8479705,Jeffrey Viel,BOS,L,51.65,0.00,-29.60,3.12,25,4614.00
8482153,Brendan Brisson,VGK,C,51.65,0.00,-34.80,0.68,45,10656.00
8479543,Michael Pezzetta,MTL,L,51.65,0.00,-25.60,0.81,125,17802.00
8480874,Adam Ginning,PHI,D,51.65,0.00,-41.60,0.00,5,1536.00
8480259,Ben Jones,MIN,C,51.65,0.00,-31.80,0.55,130,26152.00
8481576,Ryan Suzuki,CAR,C,51.65,0.00,-22.00,0.00,10,1582.00
8477034,Jaycob Megna,FLA,D,51.64,0.00,-30.80,0.47,40,15456.00
8479362,Riley Tufte,BOS,L,51.64,0.00,-34.00,0.00,30,6620.00
8479335,Rasmus Asplund,FLA,C,51.64,0.00,-26.40,5.04,30,5710.00
8482072,Jack Ahcan,COL,D,51.63,0.00,-29.00,0.00,10,3790.00
8480007,Jonas Rondbjerg,VGK,R,51.63,0.00,2.60,1.44,65,15016.00
8485483,Karsen Dorwart,PHI,L,51.63,0.00,-14.00,0.00,25,6588.00
8481541,Samuel Bolduc,NYI,D,51.63,0.00,-27.20,0.00,5,712.00
8478454,Noah Juulsen,VAN,D,51.62,0.00,-29.40,1.26,175,68420.00
8476329,Travis Boyd,MIN,C,51.62,0.00,-38.00,0.00,15,2810.00
8483450,Ryan Greene,CHI,C,51.62,0.00,-39.80,0.00,10,3168.00
8475825,Jani Hakanp,TOR,D,51.62,0.00,-35.60,0.00,10,3380.00
8482715,Ryan Ufko,NSH,D,51.62,0.00,-36.00,0.00,5,1874.00
8477462,Robert Hagg,VGK,D,51.62,0.00,-24.40,0.00,10,2674.00
8484406,Ty Mueller,VAN,C,51.61,0.00,-34.80,0.00,10,2470.00
8479533,Joona Koppanen,PIT,L,51.60,0.24,-30.60,0.00,55,17666.00
8480032,Shane Bowers,NJD,C,51.60,0.00,-11.60,1.82,20,3962.00
8482507,Chase Bradley,COL,L,51.60,0.00,-28.00,0.00,10,1338.00
8477947,Sonny Milano,WSH,L,51.60,0.00,-30.40,0.00,15,2596.00
8482802,Carter Mazur,DET,L,51.60,0.00,-10.00,0.00,5,140.00
8479746,Tye Felhaber,COL,L,51.59,0.00,-30.80,2.18,25,3310.00
8483570,Ben Meyers,SEA,C,51.59,0.00,-33.60,0.90,40,8018.00
8476952,Dominic Toninato,WPG,C,51.59,0.00,-29.20,0.00,25,4958.00
8481422,Jake Lucchini,NSH,C,51.58,0.00,-39.80,0.00,15,4136.00
8478400,Colin White,SJS,C,51.58,0.00,-31.60,0.00,15,2630.00
8482744,James Malatesta,CBJ,L,51.58,0.00,-45.20,2.84,10,2536.00
8479249,Andrew Poturalski,SJS,C,51.58,0.00,-17.00,0.00,15,5204.00
8478476,Kyle Capobianco,DAL,D,51.57,0.00,-45.20,5.27,5,1366.00
8485105,Nikita Prishchepov,COL,C,51.57,0.00,-29.60,0.00,50,7640.00
8483733,Nikita Grebenkin,TOR,R,51.57,0.00,-11.60,0.98,35,7348.00
8478017,Mark Friedman,VAN,D,51.56,0.00,-14.00,1.71,25,8438.00
8484241,Matthew Wood,NSH,R,51.56,0.35,-11.80,1.73,30,8338.00
8485511,Quinn Hutson,EDM,R,51.56,0.00,-30.40,0.00,10,3222.00
8483512,Matt Savoie,EDM,C,51.56,0.48,-9.80,1.20,20,6008.00
8482131,Donovan Sebrango,OTT,D,51.55,0.00,-32.80,0.00,10,2474.00
8484768,Zayne Parekh,CGY,D,51.55,1.75,-13.00,0.00,5,2462.00
8481848,Jacob Gaucher,PHI,C,51.54,0.00,-32.40,2.04,20,3524.00
8480844,Grigori Denisenko,VGK,L,51.54,0.00,-30.40,0.00,5,1014.00
8483538,Owen Sillinger,CBJ,C,51.54,0.00,-44.20,4.56,5,1578.00
8477839,Conor Sheary,TBL,L,51.53,0.00,-12.20,0.00,25,6800.00
8482829,Michael Milne,MIN,L,51.52,0.00,-40.00,0.00,5,788.00
8479328,Julien Gauthier,NYI,R,51.52,0.00,-42.80,0.00,5,924.00
8481462,Mason Morelli,VGK,L,51.52,0.00,-46.80,0.00,5,902.00
8483461,Devin Kaplan,PHI,R,51.52,0.00,-34.80,0.00,5,1464.00
8484901,Jacob Quillan,TOR,C,51.52,0.00,-50.00,0.00,5,642.00
8480890,Jan Jenik,OTT,C,51.52,0.00,-46.00,0.00,10,1846.00
8477149,Scott Sabourin,SJS,R,51.52,0.00,-48.40,0.00,5,1254.00
8481093,Rafael Harvey-Pinard,MTL,L,51.52,0.00,-43.20,0.00,5,1068.00
8482178,Ian Moore,ANA,D,51.52,0.00,-30.80,0.00,15,4910.00
8482874,Jacob Melanson,SEA,R,51.51,0.00,-32.80,6.07,5,1186.00
8485469,Jack Williams,CBJ,R,51.51,0.00,-35.20,5.38,5,1338.00
8478465,Guillaume Brisebois,VAN,D,51.51,0.00,-34.20,1.27,15,5690.00
8481594,Nathan Lgar,NJD,R,51.51,0.00,-28.00,0.00,15,3844.00
8482213,Riley Duran,BOS,C,51.49,0.00,-6.00,0.00,10,3054.00
8483500,Noah Ostlund,BUF,C,51.49,0.00,-12.20,1.42,40,10120.00
8479942,Dominik Shine,DET,R,51.48,0.00,-29.60,2.31,45,9336.00
8480853,Liam Foudy,NYI,C,51.48,0.00,-45.20,4.03,10,1788.00
8482103,Ozzy Wiesblatt,NSH,C,51.48,0.43,-35.60,0.00,25,6660.00
8479419,Brett Murray,BUF,L,51.47,0.00,-45.20,2.53,15,2848.00
8483395,Arshdeep Bains,VAN,L,51.45,0.26,-12.80,0.44,65,16386.00
8481591,Sam Poulin,PIT,R,51.44,0.00,-28.00,1.70,35,8462.00
8481518,Nolan Foote,NJD,L,51.44,0.00,-27.20,0.87,35,8252.00
8477384,Joshua Brown,EDM,D,51.42,0.00,-15.60,0.00,50,15132.00
8479379,Givani Smith,COL,R,51.41,0.00,-41.40,1.46,65,9868.00
8482623,Josh Dunne,BUF,C,51.38,0.00,-46.40,0.00,10,1702.00
8475780,Chris Wagner,COL,R,51.37,0.18,-8.00,0.30,140,23840.00
8480825,Patrick Giles,SJS,R,51.32,0.23,-24.60,0.38,85,18832.00
8476391,T.J. Tynan,COL,C,51.30,0.00,-9.20,0.00,45,8486.00
8479368,Max Jones,EDM,L,51.29,0.25,-36.00,0.25,130,29268.00
8479465,Drake Caggiula,EDM,L,51.24,0.47,-38.40,0.00,35,6132.00
8478021,William Lagesson,DET,D,51.15,0.00,-18.00,0.00,35,12238.00
8481712,Matj  Blmel,DAL,R,51.09,0.61,-10.20,1.02,35,7084.00
8476960,Andreas Athanasiou,CHI,C,51.08,0.45,-16.60,1.50,40,9626.00
8480851,Akil Thomas,LAK,C,51.07,0.24,17.00,0.24,125,29742.00
8476425,Joseph LaBate,CBJ,C,51.05,0.00,-34.00,0.00,30,6556.00
8482749,Joshua Roy,MTL,R,51.02,0.54,-13.80,1.36,60,15866.00
8481534,Raphael Lavoie,VGK,C,50.86,0.00,8.60,0.00,45,10888.00
8483471,Brad Lambert,WPG,C,50.81,0.00,-12.20,0.00,25,6964.00
8484938,Arttu Hyry,DAL,R,50.75,0.53,-36.00,1.32,25,5450.00
8479550,Tanner Laczynski,VGK,C,50.72,0.52,-8.80,0.00,40,8256.00
8484829,Justin Hryckowian,DAL,C,50.40,0.61,-30.40,0.00,25,4728.00
8484976,Jere Innala,COL,L,50.36,0.00,10.00,0.49,85,14586.00
8475766,Austin Watson,DET,L,50.35,1.06,-14.00,0.59,65,12252.00
8479423,Alex Nylander,TOR,L,50.32,0.00,10.80,1.21,25,5932.00
8480291,Skyler Brind'Amour,CAR,C,50.24,1.09,-32.00,0.00,10,3980.00
8483465,Joakim Kemell,NSH,R,50.19,0.00,18.20,0.00,10,2482.00
8478408,Travis Dermott,MIN,D,50.00,0.00,8.60,0.77,95,27982.00
